"strain_id","X1","X2","X3","X4","X5","X6"
"s115",0.111245958074851,0.345148043641264,0.479517047612512,0.837429466456393,0.556438598940847,0.0704947062577286
"s115",0.0689082670336838,0.32297386893451,0.552969363496655,0.914092091156111,0.59015052996633,0.0131148072931957
"s115",0.0934130437528101,0.35961995945769,0.533572229912172,0.814017660406748,0.629009183411162,0.140878409906516
"s115",0.0820282379160227,0.374011026109119,0.523155363958837,0.827851574249704,0.60923735925553,0.0920275573425048
"s115",0.115894475841138,0.37276535595981,0.527801199294127,0.856924680065964,0.614313918780157,0.101438830943124
"s115",0.114829411670538,0.346020558981998,0.424683976679647,0.858556012953034,0.605006789878212,0.0643009285356561
"s115",0.102472577752425,0.357228070087648,0.473033763235573,0.784502911617764,0.59292881334438,0.0624666060817993
"s115",0.129984066609333,0.375033836645072,0.431553442267379,0.791707715194864,0.594473822332428,0.0321764060798187
"s73",0.173864104989893,0.400957221989005,0.399112496169216,0.806087906777914,0.638551947959891,0.408432323783409
"s73",0.179248034670907,0.299886219864,0.441312849570939,0.880657451215618,0.6632657725025,0.380721219503208
"s73",0.166504941624437,0.360026398497001,0.42394393199485,0.749635554963562,0.616527234069695,0.31711852464855
"s73",0.164780041067087,0.38556061124645,0.359838331314477,0.875378509094878,0.647823801885823,0.295001418043931
"s73",0.147334600993481,0.333746710802283,0.350302482486707,0.807327113543929,0.602300025228695,0.276810716271887
"s73",0.157556453915623,0.392051544134925,0.282006413766157,0.810843342376922,0.681710699275557,0.315484467057943
"s73",0.15612456893939,0.360108818052112,0.398406983538592,0.815540516144874,0.656706469740336,0.310690051328665
"s73",0.165666948591301,0.433314818310988,0.451903663518909,0.773441071570806,0.672638050645515,0.349335951412444
"s38",0.112465550052457,0.342172101515433,0.444032515697911,0.809678764216581,0.66382081282062,0.480710529276809
"s38",0.0991530092525761,0.326985616124932,0.402058429510952,0.794803290562097,0.701183333131672,0.512572293753347
"s38",0.106744243667142,0.354475207150355,0.344775951643728,0.853261276990448,0.713873456613166,0.483095774174757
"s38",0.0705933175614696,0.331262062702856,0.512486622851733,0.88022342916524,0.704155635365859,0.582407055616773
"s38",0.0949574335759741,0.303849509941156,0.45762722906529,0.822782152129621,0.671853439501203,0.529546418436615
"s38",0.0812346914401748,0.332950988971861,0.346556073066635,0.867204553897388,0.715118153000666,0.599572713129318
"s38",0.0752560307594068,0.325912794060787,0.393078240248164,0.861176432355489,0.718971957125068,0.49294738603379
"s38",0.0912928790171952,0.345687599620298,0.33178366093082,0.910626923657687,0.655131263962265,0.544793393172963
"s169",0.392485400758843,0.430284043170708,0.423382511398572,0.707096416291321,0.669088633867941,0.477524533248959
"s169",0.353974721851719,0.323873014662667,0.434248255255691,0.643307724209276,0.654249259521857,0.584934424549638
"s169",0.394507462372885,0.350468689552327,0.396008116412833,0.619167857033078,0.674856659332516,0.597351191831882
"s169",0.401283552241641,0.260765228183471,0.455824675121671,0.668061823434955,0.651786644792384,0.6156591312686
"s169",0.395873862599704,0.356300874011227,0.503929909960372,0.625552758571279,0.658796783841133,0.530292989262159
"s169",0.379838791404852,0.350571868059899,0.423900308816236,0.691273120155149,0.661602149985741,0.525237747658142
"s169",0.382816528122355,0.303994075909307,0.43280050469452,0.666676065112009,0.652069811037471,0.647869200573416
"s169",0.384600098965066,0.345425049152377,0.313245572952171,0.665033075879351,0.629163479377324,0.548540836624591
"s196",0.423779486008321,0.397163847178005,0.340190159311126,0.741760642398513,0.776254893020064,0.735212491298486
"s196",0.399049706131878,0.419560375100271,0.314883802509328,0.707363515080029,0.768654445266299,0.763805522150999
"s196",0.404348455232468,0.357543047222624,0.402430566066454,0.652439422044091,0.79718955080636,0.695351474832103
"s196",0.378071361834743,0.40458642044647,0.372740770208136,0.711138460324315,0.753666706891976,0.69725146858111
"s196",0.424408704696728,0.45124931490417,0.397311844274491,0.61529558551494,0.763426015810749,0.728884492061342
"s196",0.397337053995406,0.383311543903998,0.375938524105175,0.606716894730526,0.751798993148914,0.658436449351801
"s196",0.408414634414622,0.352387908301437,0.453702246292338,0.597441224859605,0.747200727720479,0.702503073874575
"s196",0.389627234926591,0.421515475026344,0.396275024140312,0.641352379794394,0.783808260029784,0.670210042534995
"s116",0.362938719265433,0.28851565283593,0.450051576584053,0.599404741239367,0.67672310024831,0.622137392519769
"s116",0.394677483429827,0.290451493417675,0.539029950142717,0.560881301433431,0.609750480287895,0.729526423686025
"s116",0.35816624872311,0.304946995522272,0.539849461526653,0.638143248184231,0.671957457392954,0.622681066861479
"s116",0.379074767851088,0.281374255746388,0.50567531962162,0.574687664047003,0.631155991882855,0.638662288409592
"s116",0.365997984683672,0.230356201919331,0.496919432880869,0.619913808574318,0.631452703131639,0.603871311825818
"s116",0.369655933587117,0.335338507036221,0.544574952999774,0.631559884969738,0.636112774577526,0.705464272545965
"s116",0.385494518448975,0.310588086050637,0.446106762217762,0.563061856800572,0.662595415058917,0.566486788528321
"s116",0.344052739514929,0.265699796682915,0.512511934271783,0.608452309903507,0.654140274914229,0.69166431185087
"s85",0.571335103129162,0.373702503686579,0.06403067917298,0.593535913049424,0.737739084807134,0.513503236895392
"s85",0.555879471331223,0.34035783478053,0.144683142973887,0.672334375885993,0.74178439627678,0.459098273662753
"s85",0.587169660805183,0.357813733791576,0.181685423783329,0.558514651714894,0.72062078145028,0.553441328874253
"s85",0.58312622741989,0.339551430817272,0.0721066850237068,0.665173487815857,0.744241634285307,0.511106907019166
"s85",0.56537588065318,0.361587630175796,0.0875434268944111,0.645768356832714,0.72753146697885,0.499412493649648
"s85",0.566610598984336,0.365078472510284,0.00851882630475126,0.698678649085435,0.751615097197006,0.629872559771918
"s85",0.547427095768079,0.2914994099405,0.148889744913792,0.647389384215883,0.739492792418108,0.511125181590573
"s85",0.542630493790098,0.3510212028079,0.0661153199455513,0.689321922537394,0.702265566521953,0.573095928771675
"s93",0.368568504057641,0.506833691263836,0.421559300893587,0.550722671947539,0.637594855968422,0.464648912967777
"s93",0.377266909531221,0.477529200046044,0.454310506060875,0.564572751831206,0.669135730612058,0.411426567874892
"s93",0.391288011505232,0.513089474476645,0.423603912052933,0.568932004267113,0.64404658026992,0.474578584791494
"s93",0.378370048115129,0.50240832332188,0.422402733424949,0.483610465862117,0.615882875449815,0.427270771948078
"s93",0.38936602584514,0.477352889803955,0.515492243213297,0.538476785572963,0.64848553853358,0.474677978906747
"s93",0.35781941341084,0.497183621175282,0.51352062685334,0.543136406535752,0.624731627514944,0.324964350778435
"s93",0.361834423545745,0.452152940284923,0.559694641153764,0.610090391419436,0.649144373709489,0.414916740399965
"s93",0.365639930821179,0.508350255996665,0.487037274204012,0.569439175267593,0.674609616126001,0.438764998798597
"s109",0.37172396748202,0.405746361512654,0.693345608104153,0.876327459732117,0.702309713601362,0.467307980365738
"s109",0.360124066323622,0.335394341597117,0.671536148757427,0.826755219991642,0.707940606034379,0.373209051309991
"s109",0.316270163220612,0.430772127633218,0.565113212767589,0.840436284604051,0.678879477803471,0.435686487542364
"s109",0.341796403231163,0.350406547141258,0.627977491053547,0.8420490787772,0.716152782136705,0.353410121077388
"s109",0.333486848523361,0.390071119796807,0.654549995300895,0.868239684083597,0.697635928984805,0.380496715258051
"s109",0.353598929243406,0.377600039203824,0.613085379711526,0.907717480601873,0.741500423325214,0.310141321383519
"s109",0.361022296792909,0.391070026413357,0.633056522290659,0.917500114355567,0.691552051596383,0.389426534435867
"s109",0.375771181743682,0.414528342324265,0.60594047039012,0.895742374193044,0.705597322268006,0.430014088677535
"s42",0.335133282815506,0.205026781160327,0.257768693333159,0.58729596603676,0.804256988010237,0.320447527475955
"s42",0.351514118228127,0.175665111696382,0.1974566065129,0.576363519785817,0.789498122319152,0.409223801427274
"s42",0.323150227187695,0.183992622430249,0.21779089599195,0.613496350474747,0.796184702035678,0.420286102269474
"s42",0.38525424268477,0.186786179522984,0.347325660136496,0.53813580068849,0.777161268098591,0.384744968840858
"s42",0.372100168243915,0.190403382540433,0.292181550586224,0.562813259167617,0.820523242162025,0.382758813583013
"s42",0.352720558838597,0.175357127043481,0.141096747076911,0.605077701203941,0.774211774516908,0.414190700231108
"s42",0.344298589525289,0.171615157182915,0.322035307133616,0.550610264082698,0.747660158319623,0.289944768866768
"s42",0.38044197360165,0.186490319127921,0.330682354489866,0.569166323998812,0.793586226199552,0.425711460998232
"s386",0.49188531703,0.570493974519812,0.500680546449827,0.470531627070663,0.490687746822742,0.665798708589153
"s386",0.474464888130629,0.520609989924063,0.468171691107778,0.463629551291268,0.458608451543845,0.613178070812084
"s386",0.500657229265021,0.572582872622148,0.565643861359943,0.437415415922208,0.485586083252529,0.610220720742434
"s386",0.516304826376562,0.528550464601663,0.616347655793821,0.464947175782746,0.49782377255353,0.655219582262188
"s386",0.511683961218111,0.58516319651209,0.509521976764881,0.46684694779197,0.518883010820628,0.641225398682902
"s386",0.492758931429714,0.558411923223017,0.476832270392176,0.445315991184851,0.496118856239677,0.656916059205208
"s386",0.516923682881603,0.577282383090328,0.471166912807305,0.443994857491075,0.475286234667641,0.623285828855962
"s386",0.519686759631152,0.561518139484337,0.603068921088564,0.442568100556575,0.560027439881366,0.645067652923378
"s264",0.433302540724608,0.28028056996673,0.367113240668946,0.410121169239112,0.544113422238916,0.433167376826671
"s264",0.448914050520419,0.348833086248952,0.324174722044233,0.416829979395065,0.572046707827653,0.414668959969626
"s264",0.46931090222277,0.34345437367818,0.29073155488979,0.414877325183692,0.56756553926444,0.370712324546961
"s264",0.448994024888024,0.307658302966085,0.465364038491027,0.439511666435129,0.5321050843434,0.465717264332673
"s264",0.479210862140031,0.311146651626786,0.362125614712331,0.385305654679387,0.598244283475036,0.497687974648685
"s264",0.464742909818637,0.3766643830644,0.226865382733381,0.41155869422775,0.571984244649426,0.370255163931784
"s264",0.453094005862364,0.352649555528712,0.297869891175997,0.368598463796006,0.5816409936684,0.445022654060712
"s264",0.451836086227179,0.323922763409001,0.415401561125772,0.476661358835843,0.564000105678182,0.414134320192534
"s417",0.484651967833769,0.66217819784323,0.348706238636591,0.227169380406724,0.72288870571771,0.51565442452826
"s417",0.502953377617439,0.619202729365793,0.361809213043274,0.288723774442387,0.737374605508853,0.589350811323999
"s417",0.506901055204598,0.634408780409707,0.388686040693232,0.225321441198283,0.740102724178612,0.455918099078677
"s417",0.50950650384051,0.661580894729655,0.234228902659925,0.301475279274246,0.755638171927618,0.598513975057909
"s417",0.511989511118417,0.657936003098057,0.324353572384648,0.182552688946307,0.735250369956495,0.562537124586574
"s417",0.494577142237504,0.614450425868171,0.32398906746544,0.206735141330266,0.712122559009565,0.627891026239173
"s417",0.501564706512283,0.633394267707472,0.245239191649505,0.272955421333402,0.726919122795474,0.496702199176627
"s417",0.515304386729714,0.638090570034458,0.294329402584862,0.232722754243419,0.716333395832398,0.545139853076895
"s344",0.475947538511625,0.481627685111416,0.518580535349756,0.532009345934121,0.6659131329922,0.663039346340785
"s344",0.469726615751977,0.473785163176999,0.464725883525398,0.495484817029655,0.603696000639671,0.58168175482793
"s344",0.451718007402558,0.513787618352832,0.536334840098119,0.570344836089104,0.643359685214444,0.549362672920915
"s344",0.482271437572293,0.496574721798997,0.519327270890726,0.57515329141986,0.678124291191304,0.629568375667192
"s344",0.457668253391348,0.481364601010932,0.509305627278897,0.518479167087717,0.65466297327432,0.578141152933236
"s344",0.408040487876952,0.511360201465536,0.52451645142363,0.570146568261869,0.622418657573502,0.601929335027477
"s344",0.429553322137596,0.481648330746312,0.444624036220538,0.506008628632636,0.624721834822953,0.591905905062179
"s344",0.451728733563027,0.416904217453422,0.568589527604678,0.525660036039674,0.604498306204682,0.595266203807069
"s266",0.368455026902017,0.66813045521803,0.443719658867959,0.628897490980206,0.511994427511329,0.558678772822251
"s266",0.371806266737477,0.737119695332602,0.444778327781367,0.597520549324225,0.501903753021328,0.683794876604236
"s266",0.417339652327107,0.641604418974134,0.456754914768,0.653943856412563,0.517298957706333,0.625743300485307
"s266",0.424450613016815,0.664007255285319,0.435878383841756,0.689343316812004,0.51375625164493,0.659352564760959
"s266",0.399905588796019,0.668731554541594,0.533544914540039,0.639771983104022,0.532429803340332,0.623876195377475
"s266",0.395556076973456,0.701756727605693,0.484328330637126,0.62507084652117,0.503519377291207,0.599982721917094
"s266",0.365951367820735,0.631382730654192,0.525652366377197,0.591416724967433,0.524786388584206,0.625703474767604
"s266",0.37639298640684,0.676704648289849,0.371949325496964,0.583483787449893,0.5691881904115,0.670252626228499
"s228",0.611244921199563,0.400169715244659,0.69289705747863,0.451260539388702,0.570486366169637,0.184118788223816
"s228",0.569632363508181,0.295733708725852,0.564435441235854,0.488136274447428,0.567365794846948,0.333823575302149
"s228",0.529671741591481,0.383717998434251,0.642102878981783,0.508549574057514,0.541698293384439,0.424292371769302
"s228",0.574486773930329,0.364244969481078,0.674781180133711,0.453803763774614,0.587908226638598,0.33015027673887
"s228",0.591707655774724,0.380969582070468,0.617148471966298,0.489635932831372,0.566718582043593,0.342687122442995
"s228",0.554488848377958,0.379053566887827,0.614231318304687,0.491445773429615,0.543911296143395,0.264684841968288
"s228",0.553210144958898,0.386629720908432,0.624001416580981,0.495378628781679,0.59614298470475,0.300641933296572
"s228",0.567636818046606,0.425757807237118,0.667186349231788,0.483414110467841,0.573125860241385,0.269441818250849
"s202",0.26340228430362,0.464684895040269,0.562395973817128,0.381861472292727,0.490628332768149,0.481379023546453
"s202",0.245339887454101,0.48841818502615,0.615075122088315,0.440280850582452,0.539515394885815,0.504552953063697
"s202",0.27633928486537,0.482061623873985,0.590281390043741,0.325395401958946,0.492731464053533,0.466784594564587
"s202",0.261441909766054,0.537450571215963,0.622381475520412,0.37754025698017,0.512552025259919,0.549368384640133
"s202",0.295544435100799,0.466670762407494,0.548377682110703,0.255920402730806,0.499798868984678,0.549687320761641
"s202",0.236402512254026,0.466891073071044,0.541950445177562,0.340749120571497,0.515084932093231,0.498575696135487
"s202",0.261213585656831,0.482528017317225,0.547569967713214,0.412649848359512,0.511760981172291,0.488287985765048
"s202",0.282231018330112,0.474885883292163,0.692724656935692,0.379893371989653,0.534712723624856,0.591089944268348
"s309",0.527357352142531,0.476262361406166,0.374141240186309,0.492128103341727,0.701398348078708,0.747251268874579
"s309",0.523024023901846,0.47628395316945,0.30617251105566,0.431865255433849,0.65270570600071,0.638256731093999
"s309",0.525907166837584,0.478361999896674,0.337686803735097,0.45543148788939,0.673345006663779,0.644126922183827
"s309",0.487218960343269,0.536227823384444,0.387649020921366,0.467016132975037,0.683384439675857,0.64867045825528
"s309",0.520766452027057,0.450124421520911,0.334247424128386,0.369196468646442,0.684060135391561,0.634096996157089
"s309",0.504603708240975,0.478806643184142,0.439667283647254,0.434643076221859,0.717143444622188,0.643393233105299
"s309",0.519281739007554,0.458419270139749,0.290170804869905,0.45344927696009,0.686080444078247,0.644358519529324
"s309",0.536123536802916,0.535571293956058,0.406039225033036,0.418560765222105,0.659403052435749,0.566535473312901
"s334",0.711595487773534,0.4628987536682,0.36501748152575,0.455801053003075,0.54303574443226,0.32010858874653
"s334",0.738878162353742,0.50511374866551,0.443393640587678,0.397255339086368,0.587146446709363,0.327393269524112
"s334",0.685501585335547,0.480567474550171,0.448869228678427,0.430712226914845,0.526082899009378,0.361887194022714
"s334",0.6767298738857,0.534384587555265,0.490183781304622,0.427676353399647,0.55156187774895,0.287212375279792
"s334",0.759309329794204,0.463769515096094,0.492430466510069,0.430811412792207,0.553922130791622,0.322411587428681
"s334",0.686344005322813,0.430727653125996,0.503485105064914,0.416841791482553,0.565934869026096,0.253639184935829
"s334",0.680557059932002,0.443573357684801,0.518047895486195,0.389094450785094,0.525705604177363,0.299284620561592
"s334",0.681892057538829,0.515211324969788,0.548729138159508,0.467835159850784,0.586912913763366,0.388977628869797
"s318",0.39772575035439,0.673966634746148,0.614303415964759,0.465715501375738,0.537395267497013,0.366344394660055
"s318",0.423014161986599,0.684868623802067,0.496383931713287,0.462324854134505,0.536424951680523,0.315896222990006
"s318",0.404984222535185,0.661179006165163,0.542038218447789,0.442124223477276,0.562312861003995,0.252952742163016
"s318",0.43044731431091,0.632680792565009,0.523599866077573,0.390727875102019,0.521787746671385,0.321399306706683
"s318",0.426312458760162,0.621793646300958,0.569067376170213,0.454674158576022,0.528950827124164,0.278772188156219
"s318",0.435902318548447,0.646810372061758,0.656592357765072,0.489718414236214,0.545925549427128,0.426498164888382
"s318",0.434926253470583,0.585478585600044,0.63680396822663,0.511328729026281,0.563805859108825,0.310167778066605
"s318",0.416064568456469,0.640425318664898,0.515931110391693,0.421569313761175,0.507007987254316,0.220684865179465
"s379",0.423207914326666,0.576629795761994,0.531908540419723,0.475316382064295,0.525452567218153,0.572262085491977
"s379",0.447336854065381,0.612265867680577,0.412996817813519,0.454207606487311,0.54383014672426,0.505318467969077
"s379",0.422732186403766,0.616913899542662,0.593505076078434,0.412427592448054,0.575568094901924,0.566384417588133
"s379",0.438472086885846,0.628670138817322,0.553759631870914,0.405069681630982,0.531198364706183,0.535702073660073
"s379",0.451578230668234,0.572187051099132,0.580774501906998,0.410041722197209,0.517382343912525,0.557618596261009
"s379",0.441075504332366,0.598325119812812,0.528029991485333,0.539378838720282,0.557132498123773,0.52556116589317
"s379",0.42391375782403,0.636214892771727,0.578195236181751,0.389044170806994,0.537011828580438,0.564156543056445
"s379",0.418184458530941,0.57995839772117,0.515096935413745,0.384179643149986,0.542486465637252,0.455017694662988
"s340",0.498038216352891,0.525441477889918,0.596457206376137,0.357749703338691,0.649195147302059,0.388532956858681
"s340",0.508904216731591,0.545586646394681,0.537144740568971,0.289340052052238,0.653088016209903,0.413901311957973
"s340",0.527371825923525,0.511702579821325,0.640499624987811,0.366917507141146,0.650798112200628,0.475089980309661
"s340",0.457079285702295,0.505774725751339,0.636937223877641,0.291486453496952,0.687771860575205,0.415751232449224
"s340",0.477691377585944,0.518090512644882,0.561550854876351,0.254101034521274,0.683350452621136,0.383097304804133
"s340",0.49937721822419,0.479661171767976,0.566017677610563,0.307949437737057,0.589763917282151,0.497058660312773
"s340",0.495891977034575,0.411884416798194,0.527229103648752,0.336120957345111,0.634763988617154,0.448126722471
"s340",0.471923756321335,0.493510166680919,0.555805011109595,0.288128872125651,0.671566644293046,0.425012774935709
"s209",0.46051862493089,0.380538839806751,0.526507996105517,0.690660375165553,0.488616020178276,0.482156972848341
"s209",0.422160028468713,0.422283808572439,0.502770754741761,0.723678534863181,0.461087411799668,0.611020201181456
"s209",0.443739994050884,0.367165449057039,0.569667870316058,0.631994600515348,0.475998018389519,0.571952869015149
"s209",0.427197731194361,0.414948224455874,0.534812285722703,0.656556999774381,0.439043418755838,0.582287950998077
"s209",0.4178849061767,0.339261987974753,0.491989747347512,0.743102410641645,0.454249990198959,0.522396538980013
"s209",0.399259573418504,0.335453750084772,0.461840401225266,0.697082054656712,0.501097545674162,0.658991610784397
"s209",0.400220790236715,0.416673444672962,0.519708203836159,0.812519576588129,0.475028386882055,0.621203095718929
"s209",0.458826052344153,0.365505071332148,0.534607832758482,0.729158407036048,0.462811561621905,0.509934614245888
"s385",0.470925220729464,0.585980587964891,0.787360389845509,0.297141120034797,0.453588294652074,0.723824710237416
"s385",0.428376212466091,0.529649941740409,0.814373996468064,0.312689572015215,0.424975803348171,0.76132028440058
"s385",0.485898893349088,0.592820414638994,0.808733214995304,0.360644949638121,0.463351893287616,0.683285140211668
"s385",0.457609008362225,0.536256433712521,0.786613150009764,0.338449249379067,0.470090762705426,0.784524497644771
"s385",0.482834521339356,0.573675658992505,0.730911122663387,0.313458415174774,0.474674622235324,0.722053270514786
"s385",0.482091914765232,0.520523016248178,0.741004627423021,0.319145972733549,0.439002781866023,0.762575896810466
"s385",0.470285928891902,0.539010307010396,0.750017596060558,0.348236619612669,0.44311449986034,0.719250223823031
"s385",0.494536871594319,0.587694045162646,0.70557441546975,0.31783707588406,0.43241774048961,0.681654677677944
"s409",0.548917620119741,0.616960377179188,0.641298253801931,0.320761949088962,0.520465768054499,0.454223453145472
"s409",0.541707446005101,0.660652780529017,0.591066758027156,0.330944585395191,0.580557811958834,0.428743753348643
"s409",0.583983204692672,0.58977010604771,0.638852844689417,0.333560493100405,0.550127963079149,0.47522956810999
"s409",0.52462355473719,0.631252367491165,0.641582532723343,0.520348030272274,0.506156621842147,0.453106706261508
"s409",0.550571097471841,0.614590752946476,0.631235124140987,0.342064685682396,0.544635220983792,0.490447191189991
"s409",0.559293184861524,0.634750221347582,0.588148627543739,0.388765566546813,0.557453462991912,0.387571688154251
"s409",0.548997359341624,0.593319924581163,0.537161497303125,0.349210884766506,0.517728082108539,0.388950973816218
"s409",0.541046887632358,0.630957344371247,0.620866260223386,0.339147396422884,0.560320760841546,0.493232433718365
"s240",0.51816654300542,0.304757908218032,0.433766369593698,0.414857380854128,0.679676720743044,0.497403347187431
"s240",0.576179227361386,0.339097282084873,0.594324964775197,0.485453651390199,0.65297955448297,0.563021958436468
"s240",0.51467512443706,0.279071620691511,0.457460982654376,0.4753916295122,0.667113278250875,0.542879001238002
"s240",0.521178420675828,0.307915262670099,0.469123264856625,0.445305279416675,0.648489807839888,0.429124676803339
"s240",0.508218466295468,0.331042624262064,0.525991740130019,0.470769174681899,0.682109818387554,0.522707521546863
"s240",0.519898716567062,0.284121338180665,0.508593590757662,0.442085427104918,0.664009204086642,0.462384880705138
"s240",0.521311427988327,0.356610970400174,0.507747522732771,0.51224494203764,0.649590756760717,0.558813844691464
"s240",0.515559036383017,0.304535421372722,0.450457239611583,0.457727189107404,0.665963698312938,0.506045335289506
"s274",0.479763346551806,0.562758737054675,0.49322261383863,0.56687029383533,0.398670055042257,0.17237057837147
"s274",0.448819969062703,0.591534266591337,0.543165231143227,0.545726469279915,0.397782004734597,0.175039361888156
"s274",0.501553292403472,0.565676000987476,0.616724502971441,0.531657458490107,0.408832921333913,0.244589869098359
"s274",0.466624894933931,0.499226728145717,0.600855725001877,0.605179487404085,0.449922027112374,0.313473949390052
"s274",0.452260379412653,0.528353269906705,0.549655214869836,0.604762439269927,0.40295602976924,0.283281675783486
"s274",0.473860128840475,0.551732316875794,0.557217657828311,0.610118510596703,0.365227501375142,0.291767574208212
"s274",0.484449802095815,0.528250690343122,0.556462175823275,0.642551882746224,0.364401996146417,0.390073444619977
"s274",0.451488546366506,0.55425824657563,0.595695414524016,0.604222192993969,0.379726944362019,0.25466038927493
"s270",0.478821312277992,0.47231464128393,0.729554611929654,0.795659721059469,0.636536256149574,0.349209672027596
"s270",0.4588204027133,0.436545981706163,0.740632471787169,0.836550110859263,0.64214625404389,0.346261882077105
"s270",0.446521169954101,0.443506845585563,0.725567508482427,0.80962628444998,0.635674446325036,0.391756586269311
"s270",0.459269957231489,0.478258968070404,0.687615366776306,0.791142763903684,0.670548461106774,0.305203613814511
"s270",0.446650483385621,0.448872474058953,0.65477915887217,0.899302707609112,0.659527326883923,0.308533364970785
"s270",0.465774747368346,0.467106126036705,0.678240169982804,0.734146924255746,0.62433113910989,0.296139493147255
"s270",0.491026355716327,0.450842127484537,0.745202278184382,0.715506782269629,0.647664137629195,0.353160406346906
"s270",0.451631437724263,0.410191049807936,0.760444226866196,0.741177960268914,0.650952249513744,0.270346833055488
"s263",0.460763708984565,0.474236116505721,0.407663128009993,0.588738637703759,0.630995338192176,0.334576735865518
"s263",0.451157826244641,0.47281892565714,0.373218298648105,0.540101260506533,0.634183628471319,0.22788896412158
"s263",0.414130730165386,0.384442026356118,0.350373559172175,0.536670634961115,0.663291562830546,0.338657187600291
"s263",0.444708696082963,0.435907973809165,0.421706739520683,0.547207200181209,0.630079825081946,0.270720564786389
"s263",0.4416888025432,0.555638366219162,0.303503458697888,0.559628564445503,0.647063735050836,0.377707685521668
"s263",0.444320277535007,0.452571910534183,0.444213727412501,0.524110581967487,0.690250845496491,0.338405501998675
"s263",0.446949758319797,0.452227652719803,0.342932413634644,0.486976439300006,0.669167751652182,0.336670102892955
"s263",0.444658307489426,0.51928218502043,0.393124884113965,0.525180059151695,0.638511348786455,0.293576180769584
"s278",0.392260243209165,0.398315918021533,0.497857969264009,0.631715630352051,0.684977176037439,0.393680353465411
"s278",0.333804806841457,0.447819546199705,0.429006577377677,0.655553346220234,0.67823445162759,0.458804433082139
"s278",0.389754632662175,0.465067413227736,0.481242165113056,0.734679353615504,0.67827826684233,0.513569968430248
"s278",0.41392807346863,0.421689937240249,0.582414327352447,0.620679519356645,0.696305898307144,0.525387236805151
"s278",0.378597250943445,0.460539712995988,0.491522652294503,0.645430058162535,0.688916288030345,0.534820457603051
"s278",0.341474331537815,0.420343065639211,0.455431641709856,0.673612602340917,0.71029066726519,0.565900476716327
"s278",0.375702353118305,0.395688592404136,0.556427773842274,0.621740072846702,0.676243026926292,0.536945424459915
"s278",0.374663470462812,0.380244713001348,0.544551032100826,0.597490529323726,0.720580979558,0.487651589492587
"s437",0.61958729185506,0.514340132969687,0.666629334875335,0.47365279496089,0.344454310607027,0.520166364686001
"s437",0.641179031987506,0.49637786379988,0.720709410750672,0.442515099225058,0.333121107187139,0.535392022794726
"s437",0.645620002685925,0.544739460744556,0.606809709139275,0.376823871440374,0.350428414150298,0.558773933198411
"s437",0.646273746907986,0.519163804033119,0.631509096007542,0.468305214487985,0.29713942100595,0.535637175416878
"s437",0.613057038508691,0.5364484455835,0.645851741826026,0.466398882567084,0.371380753185099,0.531946074344813
"s437",0.61156287753459,0.548757317133173,0.718154352042121,0.373802013217248,0.324351571697446,0.522011293116186
"s437",0.58322396910457,0.565502360485637,0.612602694178516,0.478739736947382,0.341693914329588,0.471204013133262
"s437",0.618861087038568,0.554554883984934,0.739211153994629,0.39369447855125,0.332926397689759,0.489507377466011
"s453",0.572746564633119,0.445741275613886,0.548024102588881,0.294512366124609,0.565190720508315,0.455590360347922
"s453",0.597779438395447,0.457576590158844,0.670788246813268,0.300285197368939,0.57545099463501,0.339746722941957
"s453",0.582793340825346,0.451139295181861,0.69193798086467,0.264485976795801,0.627615424601216,0.397200313233796
"s453",0.621011239407741,0.476344896607491,0.684698349357926,0.285837515921049,0.574534581501668,0.382253387032208
"s453",0.524851228331015,0.469948743076155,0.624702941101431,0.318607769948694,0.576965507628839,0.407255855310684
"s453",0.601340956139074,0.442657996446622,0.629365794514441,0.310152859954045,0.588845536283352,0.349693435395273
"s453",0.607514346841012,0.487986341166217,0.632283218697408,0.312672031242967,0.601102615720174,0.48346128529334
"s453",0.597224350279421,0.445177832978418,0.629933041078259,0.335585930105491,0.60298079718317,0.3484816908454
"s363",0.487353278518149,0.454363789085585,0.523378923872637,0.337191637925068,0.615040656892883,0.463481992147499
"s363",0.502982619292613,0.499849970978173,0.564645441396463,0.411306548206547,0.608907265059934,0.576008117820695
"s363",0.487804547408953,0.462243662875673,0.56845845148879,0.455520680885053,0.589282796372456,0.536479946300024
"s363",0.477285989511978,0.519382753362836,0.5218684785353,0.422492566005233,0.566647922277764,0.413430763453394
"s363",0.493184016371053,0.462735293321595,0.523969574075949,0.389983955448814,0.605450508696825,0.518950916052444
"s363",0.472544043140343,0.482525143794762,0.455734785097886,0.379396975271444,0.60344943967484,0.445898903705468
"s363",0.509084062097198,0.454027359683982,0.605760614197159,0.462530712766816,0.61999139647957,0.558922546022108
"s363",0.504084683441604,0.429629565998718,0.634761188634124,0.411819044846907,0.552893131767448,0.574699546163708
"s323",0.569464237474934,0.660534772599318,0.319900695985359,0.655894132017754,0.419311425178374,0.459682960916515
"s323",0.559170474873173,0.639221814614892,0.31936787446334,0.663956247876308,0.393966158870998,0.454166974517657
"s323",0.554489758381682,0.660524832098219,0.436147983661913,0.700986986615426,0.420632729121886,0.398283293890373
"s323",0.532570608603456,0.620055657061394,0.402051365131071,0.648551116534137,0.411241979556372,0.530175344188971
"s323",0.554791172571521,0.655468821284112,0.372476652114518,0.619580490460016,0.415128598230197,0.539196049313133
"s323",0.545525966426724,0.655324881964864,0.492826362095023,0.674696352270937,0.407318033933895,0.525142615888152
"s323",0.557895230283653,0.65807487704637,0.452539983520061,0.655949069182019,0.411756452763968,0.509943566959054
"s323",0.555362170013058,0.637240483213983,0.438828254900513,0.621425749662111,0.428494349869247,0.50168368441588
"s297",0.625962094393923,0.380642561946885,0.366892938638112,0.621504981245132,0.375653551865129,0.724269384508672
"s297",0.614086541060355,0.393565783681324,0.311807684208059,0.544515366720718,0.361894682139353,0.808733240741035
"s297",0.61837963123938,0.378795179465169,0.250205022514742,0.534855303553634,0.374313754436818,0.820017683617845
"s297",0.589156814305972,0.398802588986838,0.348615585941629,0.58363838411463,0.389057505395168,0.823381364703204
"s297",0.554321207673656,0.305928714909933,0.340124172773972,0.619472273858701,0.382073049873894,0.843034984486776
"s297",0.559627836031903,0.40242675000217,0.364703347123732,0.644579020079496,0.389011793522057,0.778209048299269
"s297",0.612556449866915,0.369625061423853,0.2323340104027,0.547350951923391,0.382458922756449,0.905961450526774
"s297",0.598840428997563,0.412940144595432,0.265463284873903,0.560044843539273,0.41178463804101,0.842755812787799
"s347",0.451905425071425,0.610313028863091,0.538762490700832,0.656392961005698,0.516261282142198,0.436780201555099
"s347",0.445898290841249,0.610829450759397,0.451327801919029,0.617653078214531,0.548856695361178,0.435780050394676
"s347",0.448652561648892,0.59414532713455,0.604785554557723,0.709551463195739,0.555472492989001,0.383352109634728
"s347",0.469738615905758,0.585443950693956,0.453251120655768,0.70525141813484,0.522097482270855,0.442105976340583
"s347",0.458371825308507,0.61474834954654,0.603976773071048,0.660570583669678,0.54567489286353,0.513059656980092
"s347",0.454291642052152,0.598401101632052,0.596043648543739,0.676515580614864,0.536652695029414,0.455793188931195
"s347",0.481562333149649,0.617145594170182,0.531402975369963,0.678537778276818,0.517976150781224,0.465381403976459
"s347",0.447102222814964,0.613228749268382,0.520825198291686,0.697152285999754,0.544170339668794,0.415597854995843
"s284",0.318049572929532,0.346413029579979,0.605739421135153,0.626411108041136,0.731401917810972,0.752593131884542
"s284",0.308189876441617,0.422098715252146,0.596137696620444,0.671872118532527,0.690570661729194,0.720411228575745
"s284",0.271897081472842,0.42002903176138,0.626531320666306,0.654731744760414,0.709748154870765,0.579385319908892
"s284",0.306896869812346,0.377768395349332,0.501645613677576,0.652903942998074,0.722066498063881,0.629391344713353
"s284",0.278689941236265,0.353510060347348,0.621207289580563,0.652748862669934,0.712892667224183,0.587738023926038
"s284",0.320222237554688,0.421038168360862,0.590396724446562,0.662011401431013,0.732300972338945,0.571716396750381
"s284",0.300260102187448,0.395091277578768,0.549193197779359,0.669026251684114,0.697231086237889,0.603886877353743
"s284",0.29361165425681,0.415373714179708,0.525932284378783,0.685281865234723,0.705948629104854,0.656448637867217
"s375",0.593189325505045,0.63929403407639,0.180042915510067,0.375820827114284,0.464522575104107,0.489349315028097
"s375",0.544528642574079,0.557305982582732,0.241197553824955,0.297696968024554,0.47769692233601,0.541783620700575
"s375",0.556395807216581,0.565300591878903,0.18208798065697,0.37940699359602,0.492304846934768,0.517474357482336
"s375",0.591363506696002,0.601033571354265,0.1478409233666,0.411020573011005,0.47674795284141,0.440547094656264
"s375",0.599186067649678,0.508105103386844,0.188372289981319,0.376840053991612,0.479014097009896,0.495764965518636
"s375",0.579710214268627,0.583238128742164,0.214233071625109,0.33810822754901,0.461212860971622,0.61804636730574
"s375",0.582925902738018,0.597418518565314,0.157543045267531,0.333938532653028,0.458724181087199,0.464043321267662
"s375",0.615758040471428,0.568580108713623,0.155944716131282,0.348677965181865,0.473501287838915,0.49939733425862
"s300",0.460788218841005,0.447771381577765,0.488598575628222,0.680460664125427,0.337870499758368,0.465404383705162
"s300",0.478982630962248,0.478592002443326,0.416526096181864,0.717711441685647,0.345164077129068,0.44000244931089
"s300",0.504415209898556,0.495421658500886,0.41593250642063,0.622232563991649,0.354358606171947,0.495670082964965
"s300",0.486376263657962,0.450793139048198,0.330040260557579,0.628824028379563,0.342640664571517,0.531747901564649
"s300",0.504631391834239,0.496057975506251,0.38462137472358,0.620526062038675,0.345831052715961,0.365479331163543
"s300",0.482231162730851,0.458426875091421,0.44104073288395,0.581396135812607,0.348679220947596,0.453094407109022
"s300",0.527420561967848,0.435054210947718,0.383423513575046,0.66872312142259,0.348460758169746,0.503518562054208
"s300",0.47912211528848,0.447031183013781,0.358640680359436,0.63573778176092,0.353349712792492,0.45550262346502
"s342",0.635342185030065,0.44847120077258,0.493261445874355,0.70970320479409,0.616388819394663,0.445452292308473
"s342",0.612721472326621,0.573468621954599,0.609100244105139,0.60640817639354,0.603350312519652,0.431723472411986
"s342",0.615402103180937,0.50552392453611,0.563877595371035,0.62514039309722,0.561870659548459,0.410194710281458
"s342",0.605405708449633,0.571001860872495,0.458473388572865,0.589330609967715,0.597376905508599,0.36196496960748
"s342",0.649038710616162,0.515729690558593,0.633708732091691,0.688676551334688,0.601487829070864,0.464481209747194
"s342",0.602813073269839,0.507685560233959,0.47264853755257,0.636474784033845,0.612788255968236,0.484213346661364
"s342",0.623895812238812,0.522229981209221,0.649251703200313,0.633496971225007,0.605519927059298,0.46568125258844
"s342",0.560578611728416,0.588654045532052,0.647467204619148,0.66584146431595,0.609534611087764,0.417903276910394
"s233",0.487875221303937,0.437397203318135,0.413444901239705,0.901593412526176,0.766922949581226,0.324583185277668
"s233",0.516214778458393,0.435349039829653,0.394134270105204,0.869334584738204,0.772848367638133,0.270102027899567
"s233",0.492213256365165,0.43116093756861,0.420557237313699,0.863479087812084,0.749843826114776,0.354471711993581
"s233",0.550992909250751,0.439386522304156,0.446104166643492,0.835294209096535,0.758772507974222,0.338346078062742
"s233",0.488051949623096,0.434769844227257,0.438467812159235,0.760221299932632,0.794170546420279,0.33312495565699
"s233",0.505595929107375,0.463264772144244,0.453187094112943,0.875749540249862,0.793726702854439,0.329944290137666
"s233",0.507139340517194,0.405628488674364,0.473650423889283,0.798353696749461,0.790150012115587,0.331462015075837
"s233",0.460595871514625,0.437819663086408,0.49093641734273,0.828689087806695,0.764258699949638,0.31230749036872
"s359",0.616975858410425,0.761049303446821,0.669252464943486,0.516279274311896,0.61646721135915,0.251963341499818
"s359",0.633216726209542,0.662823384520945,0.672072874185094,0.577242109202615,0.608632768772605,0.23853083093997
"s359",0.654085427298673,0.73503860777037,0.586392920218186,0.598823152746711,0.619959300966806,0.241863369308112
"s359",0.599881177175101,0.688588387784115,0.516147005034611,0.468372153437763,0.656418969321485,0.281870299117528
"s359",0.616853122205194,0.69910045507131,0.578207848681517,0.553832666734053,0.63925976941016,0.200863029967817
"s359",0.624442448504997,0.749717231055837,0.523905377453555,0.554365761081424,0.5846884123049,0.287960217457267
"s359",0.661973425421072,0.696656051304112,0.579760828958687,0.536320762535058,0.660322876757693,0.278366516061201
"s359",0.587993896651252,0.673416837104601,0.553456748159046,0.553555374468623,0.653425142024109,0.244925284486133
"s454",0.436121742772979,0.487637737260495,0.421651764992567,0.346382176086357,0.592347278853862,0.663262705586023
"s454",0.427503094789562,0.522036450557258,0.454794735551544,0.316365666982308,0.571633959436129,0.676425186788431
"s454",0.439756674871346,0.496567182402821,0.545411347294346,0.336474695411234,0.553933359239541,0.635312545478957
"s454",0.405625174648072,0.459591902282412,0.500613536630301,0.365751546504641,0.614902467638837,0.726493372564223
"s454",0.432111542246122,0.505168388207373,0.484211743366651,0.412662110705472,0.592362143479504,0.691753719094271
"s454",0.400200319272124,0.488890737733229,0.518185269883564,0.346134427504113,0.571836768547762,0.665764227379229
"s454",0.416856530124209,0.523147889212729,0.493578718057242,0.312092387881285,0.547233308212266,0.646017464720668
"s454",0.434350900137906,0.501456431146772,0.507581563987536,0.328297239844005,0.542829570428591,0.616867955878409
"s449",0.424847159148034,0.68258865045734,0.718714344503104,0.655829126022124,0.536492348204255,0.300220947193785
"s449",0.438459880880423,0.69521798194467,0.59854142880596,0.558623877341745,0.561293841217394,0.313019845829892
"s449",0.406315733566645,0.689849951741785,0.721950360603785,0.615469381538946,0.577998900688967,0.283847548376176
"s449",0.404410250889695,0.721798130812584,0.656154852159857,0.623192204999856,0.567866832932665,0.178849604419118
"s449",0.437386672543355,0.687919652300624,0.631730775230504,0.683984510583355,0.604161358107228,0.289411327929849
"s449",0.409059471816754,0.673479354652832,0.651883748731349,0.637485555942732,0.588924758016076,0.142618174216349
"s449",0.407837178415943,0.653643345442746,0.569610673487511,0.623992592083085,0.556293500003214,0.210009918184624
"s449",0.412637546333593,0.655374378812203,0.633863165494393,0.619233317333998,0.558673912380816,0.272099908150957
"s239",0.420190376228956,0.495815748868333,0.472588174434211,0.690276222719418,0.801264269651866,0.538872690354979
"s239",0.426844811644419,0.446443026280368,0.500000257014476,0.696275877676476,0.826123802165182,0.360812033451683
"s239",0.419438127727765,0.433984310025769,0.494516713953728,0.744949455345873,0.830379834968445,0.40088635249045
"s239",0.452044558751508,0.469979896329453,0.511885729384815,0.679734966764068,0.778396186078012,0.538283569884727
"s239",0.40986060953654,0.430005417666627,0.390935473136142,0.646334731896296,0.819161349945091,0.365671628486791
"s239",0.387205258645266,0.468925608236814,0.560909811102321,0.722193384773552,0.853096175497142,0.281576789027625
"s239",0.425694293563667,0.507896700086857,0.3970959791278,0.658126365800824,0.812048699870687,0.503038817704073
"s239",0.393295211494298,0.526649618254075,0.463778237131646,0.674370883697536,0.787805113641419,0.456805474434168
"s295",0.50037257532864,0.505172854484455,0.70505536465122,0.722956866673244,0.685138976804374,0.573979209872435
"s295",0.482118123067537,0.549501561150219,0.762542292216198,0.811065979139357,0.693449060159554,0.64595857617493
"s295",0.529951423584038,0.567116788480774,0.732310924313243,0.738020745238159,0.692338444415499,0.590179859667311
"s295",0.519497444996456,0.535607627205082,0.756053927124503,0.753278077007887,0.627059823355632,0.661294928104862
"s295",0.535039398901182,0.513126303809555,0.808690995804132,0.688012806668184,0.66719633062073,0.584440906781511
"s295",0.536061617725383,0.545746515446341,0.80609500013823,0.721189926766696,0.673671692674189,0.585691575458094
"s295",0.502650856625543,0.586753817995314,0.779865070487624,0.704112706395188,0.704591910541691,0.715871970193394
"s295",0.509155177665595,0.54961055924119,0.695705460197972,0.709919708289693,0.715034093759218,0.564444599138572
"s211",0.444855519832375,0.486040969795506,0.482831424765262,0.744853660387578,0.556197371737229,0.404735359981795
"s211",0.434345538557016,0.558325683833767,0.463434984395177,0.755054309328218,0.613213104315583,0.44331489449534
"s211",0.443787335410532,0.481663285913597,0.453336553949589,0.754639512263823,0.604040838840139,0.537229949992464
"s211",0.460863003869531,0.51539650550674,0.39865960568422,0.692069138324352,0.604765574619932,0.510675141444499
"s211",0.423009247513,0.529741854449849,0.431260020620384,0.690621320717354,0.65562190960241,0.567188649761036
"s211",0.44091252193511,0.517418024134597,0.49831364452916,0.723347316189192,0.621927591142561,0.361915405173231
"s211",0.471273895343628,0.548784893191362,0.406816027639651,0.716512771149159,0.608266661113086,0.479152308947982
"s211",0.438350672732273,0.549792154233604,0.329681638328904,0.663299803904177,0.608747234957079,0.438771153332695
"s281",0.360216144979843,0.537632992667621,0.272935012004592,0.462887754912669,0.543480894362113,0.658533893332509
"s281",0.344618905519545,0.533477387209353,0.404466407145276,0.500959746651209,0.54156411366282,0.62769203225492
"s281",0.368775300468321,0.51119486035036,0.365302347725096,0.430300131241412,0.578522910371504,0.728710855120845
"s281",0.356803784740498,0.512496928787931,0.244922222891586,0.478923422025931,0.557752759048926,0.628050097455302
"s281",0.357469103825226,0.571279001510591,0.368300688777802,0.505299678895122,0.546362419903533,0.541363957210354
"s281",0.351699371425181,0.482760045220314,0.323662954052551,0.497660010321076,0.581399276898525,0.730013940321902
"s281",0.394983698301945,0.524570484749819,0.295942253581814,0.443443206212527,0.578398535422872,0.650190927837357
"s281",0.395497081586803,0.483665161183969,0.311984804092263,0.509425213005146,0.555471511257218,0.759977465167421
"s302",0.302180867856276,0.572714228315247,0.273615319315221,0.507516982456924,0.420319714577423,0.552502017366105
"s302",0.347895629431389,0.496137563147986,0.151510933100014,0.480389996895143,0.413855795176698,0.436582061392985
"s302",0.333466888055563,0.584254845419765,0.327757196558363,0.455264233525789,0.377095491516284,0.493727425936206
"s302",0.351508320073294,0.506758483757156,0.301346730880966,0.486114643369631,0.442104103626018,0.486768493981262
"s302",0.341603214545181,0.500789828510557,0.344694147221184,0.489351894466193,0.39405416921996,0.433677320486602
"s302",0.342258707407768,0.577656227261706,0.347155555913945,0.499901096373308,0.408054184073477,0.475890702678719
"s302",0.340049624135213,0.515856746678341,0.365947172302967,0.468951842335431,0.436032461822818,0.506980851259595
"s302",0.368586046390601,0.539004502180665,0.322438185889386,0.51434263142252,0.455576580709137,0.497582521133277
"s444",0.506350590946141,0.404626983551858,0.701010277252531,0.235136319082183,0.656395534331872,0.294457847107332
"s444",0.560764978334563,0.468866698949252,0.598206433934336,0.212753068618914,0.650572562475858,0.229486556180405
"s444",0.523293996242576,0.500660863439135,0.598412264594915,0.151517141901609,0.681373071341396,0.267829435690209
"s444",0.543812488332501,0.457688593372213,0.738351207217149,0.134674245628309,0.679628879488198,0.233448980288677
"s444",0.551562703838075,0.445645137243779,0.723738870991813,0.254947111937586,0.678486701771863,0.259389653028217
"s444",0.589244840609531,0.413153556688832,0.663533163162032,0.143920678631564,0.630263173537606,0.310202896976481
"s444",0.577235816270085,0.389315997783314,0.656902130095811,0.191746399432779,0.688430074236802,0.305800654490376
"s444",0.543152257953662,0.405569131646488,0.573309960326008,0.204055613059315,0.647367256126369,0.280829285256488
"s262",0.428700002830242,0.29587966771565,0.520330052400716,0.547204358147288,0.686950585746003,0.448186974157423
"s262",0.465962444838552,0.333150197279033,0.606112132021184,0.498979261510847,0.651243159575394,0.507553791158227
"s262",0.458222969183885,0.348629476953088,0.535559523980492,0.543886090055738,0.707203847238006,0.458439009246424
"s262",0.461020437349741,0.383548005634871,0.540981491014605,0.519861106569096,0.675239508281601,0.42578372944254
"s262",0.462772001621189,0.310314306604533,0.492069195634032,0.51592311685586,0.696020754095802,0.507769489838871
"s262",0.453299009966766,0.363834194451807,0.604981918144349,0.489680337199643,0.703900848410308,0.446887179802848
"s262",0.452721982541721,0.365573712213661,0.464967207463215,0.56141411631695,0.718486026300795,0.433851279782886
"s262",0.455527775268361,0.341976818338058,0.620595566937723,0.507465059516808,0.681471454391914,0.396490325549696
"s338",0.577342648961027,0.384749676719317,0.413207394166502,0.508979524330472,0.570870698996574,0.294397619292511
"s338",0.588652070203884,0.365828914587595,0.377580829675677,0.528278511079555,0.617092430963968,0.22331046130816
"s338",0.573468246607337,0.362555447714202,0.463247359936617,0.454093758162747,0.618260019915676,0.266924598991651
"s338",0.556231867285915,0.415668855072234,0.53422852578487,0.516838861388968,0.606536285392759,0.215058158257347
"s338",0.567326714099214,0.378397283534719,0.508216541701935,0.499937850303651,0.555195571326461,0.224364281872225
"s338",0.59596448641801,0.439790782611578,0.466226232308883,0.537225092371497,0.622268719271853,0.209223997278459
"s338",0.592927142179466,0.38727487714701,0.453593133038003,0.523446912451197,0.639124303859018,0.276858353291442
"s338",0.563265635305457,0.391242079498083,0.457880515365101,0.508834062753245,0.630516164014351,0.240414455352744
"s390",0.548147761908653,0.729643994393438,0.369621433939549,0.512619162810938,0.492925543588707,0.356514363573583
"s390",0.545037686151215,0.802133780452478,0.342541068161474,0.483470655630289,0.44795987175044,0.286660969650113
"s390",0.559603111222718,0.774936793798105,0.229173185183721,0.429554901292943,0.477688902489031,0.348870897682007
"s390",0.488678320791538,0.720626886229233,0.319008902330995,0.488553862181936,0.496660027453552,0.410996980365242
"s390",0.519309208704917,0.706358733497366,0.405716072277809,0.417352975146209,0.472089688944265,0.354117233890738
"s390",0.541458056799063,0.841744732438361,0.335587795839635,0.43904895215752,0.52172020688007,0.315740799218825
"s390",0.531130739905194,0.722558885322605,0.386905363319299,0.51223813453467,0.479142984445356,0.303922495804829
"s390",0.500526891351772,0.727972510927655,0.357103668391401,0.445309060608545,0.487890341714215,0.298943806685142
"s346",0.398132653976111,0.501339377505706,0.602703667600645,0.497919170770175,0.693423822775524,0.290311966948646
"s346",0.439069847826127,0.578314266521919,0.611847853298932,0.536543123815774,0.719284478563268,0.346990501221706
"s346",0.378231334741025,0.565158305709203,0.564268470657977,0.488074527298689,0.719810590680757,0.187447044769258
"s346",0.417726523673585,0.516378823662109,0.599450410229023,0.566799172211437,0.697002292992867,0.348232040644721
"s346",0.411471773043253,0.511286275358292,0.612098479274874,0.569448825350053,0.713704387312887,0.290408381332377
"s346",0.403057538422085,0.551654535804017,0.58715870903378,0.598634773215029,0.701495282275046,0.284407488739962
"s346",0.443658228592661,0.513322583540337,0.536819973040855,0.508241092450895,0.678012756576882,0.3623289683046
"s346",0.359702614520468,0.56756065733743,0.594386768059588,0.482120906585139,0.707625344401173,0.201250975997743
"s451",0.6353725550726,0.586464358665368,0.347501447303581,0.811944168539994,0.462749538123563,0.371495914963381
"s451",0.681777864893951,0.538070976149137,0.364430365930968,0.812716285054338,0.439269963178424,0.349455428753269
"s451",0.660474442836377,0.581054448617361,0.394251686410184,0.754299137184382,0.427451428230482,0.459755619893999
"s451",0.677564127218111,0.649281716073664,0.270659014246193,0.739705940436026,0.460870957147671,0.428782934379539
"s451",0.698894271726105,0.593189990864127,0.34064007103404,0.722275527544584,0.456560422630424,0.436653640156592
"s451",0.676904181628918,0.592013817012304,0.351920076751568,0.771064974437373,0.400437670925156,0.451335535784313
"s451",0.668755809330859,0.560740337349533,0.392880111523214,0.774378226157241,0.448495266704914,0.457001129077819
"s451",0.693174157261343,0.600348260655043,0.27086302655052,0.69403095913325,0.430654908595396,0.450021673007271
"s225",0.494618011691108,0.512239048849773,0.344771747804194,0.499316601184721,0.527071109614132,0.342791081997437
"s225",0.546062862263315,0.503819817097902,0.2729446498403,0.601271350503948,0.524538876812077,0.458573947109396
"s225",0.55393162220659,0.545475665742926,0.291893531599953,0.552491956384344,0.474181425082365,0.472352606619446
"s225",0.541410786827673,0.489485353220434,0.189856336039324,0.593485625326326,0.497998168913913,0.467354267526407
"s225",0.526292719276286,0.464086542631752,0.208336379145991,0.613395459454633,0.518782546809882,0.376857339850095
"s225",0.577341188826196,0.490056439559226,0.121144107458763,0.613495145880366,0.537488618496021,0.474137954448907
"s225",0.553017738990141,0.543061799812515,0.221975979551099,0.620154062711458,0.510724167952709,0.402219248121131
"s225",0.567331150338906,0.541238768738272,0.126159231682533,0.670727011079205,0.490504200667907,0.410792263503994
"s315",0.475147800210394,0.200710914495074,0.382893252526341,0.605711337938779,0.475111260495415,0.335895907073875
"s315",0.475625056487563,0.226951142638888,0.343125638063563,0.547246265313653,0.423570919607655,0.375645481920584
"s315",0.522391683446466,0.205502113632341,0.450296517305184,0.551104632191807,0.442755238385056,0.479823381489289
"s315",0.499079997628835,0.167469451755811,0.464646587079854,0.546078584189758,0.463050046689659,0.472091704928939
"s315",0.496642217003668,0.22433335558713,0.476376041537877,0.638918930599756,0.479140349646669,0.361369849822851
"s315",0.49695044708787,0.190764437361632,0.438083341425896,0.459796700534724,0.414308777024172,0.456357582969088
"s315",0.49865577388135,0.205594635310042,0.332766129340719,0.528252992205952,0.466075334679824,0.484487497811677
"s315",0.529692054030191,0.22800657027004,0.417883405662087,0.616969736291301,0.441934575932675,0.385504173113062
"s245",0.444177919893737,0.58544174717742,0.418762259650514,0.593672879969134,0.559356775155547,0.416161579620386
"s245",0.416313809695562,0.522490894956289,0.420756741315335,0.518215646635897,0.576733258049156,0.395247666498568
"s245",0.48862412502222,0.495091363728327,0.399607167412603,0.562120948857616,0.562379950634834,0.435219036707114
"s245",0.435483423834891,0.538257245086426,0.354862781660887,0.573642141191354,0.56855491499564,0.386018641523009
"s245",0.40778880221806,0.492487008420497,0.351782526482168,0.584358057073914,0.578048560174735,0.543529686709209
"s245",0.43438982941903,0.565612384364263,0.398223427336682,0.593677642919493,0.58882544142622,0.438916087952234
"s245",0.444085778161086,0.503112761811975,0.287097455041736,0.591266278110353,0.585768384955728,0.42101515189453
"s245",0.418109466656121,0.493035935726255,0.4557125690146,0.63704405304085,0.608273993817444,0.352618364522269
"s308",0.274023880722105,0.639782665414316,0.429550191081105,0.391780035861888,0.542748531312617,0.367638957688401
"s308",0.294747345549708,0.667336993838968,0.323410484644003,0.400382108293863,0.550269223867158,0.501398947918421
"s308",0.274687158221499,0.622908096979916,0.460789041899011,0.373821030089907,0.554122254748108,0.389868632395116
"s308",0.30213057561708,0.637058893039925,0.417315068308791,0.432025583025293,0.545068594100588,0.476392249696604
"s308",0.268077759140456,0.694399185384637,0.433757090405741,0.399132672740852,0.554702341008215,0.517124838013031
"s308",0.256164716035541,0.687834127811477,0.471707097849805,0.421775134279657,0.589709852182046,0.414723960058362
"s308",0.287484112098748,0.643214180594827,0.454315344601239,0.37479563955899,0.55190716757048,0.481373809394637
"s308",0.254534286749421,0.646672493414977,0.448365315602134,0.394494258529003,0.550797418163488,0.377512034736703
"s215",0.426652801422976,0.274434809850833,0.440225452209179,0.863930028876161,0.713475958041655,0.559018130678094
"s215",0.439853111915843,0.319835330636606,0.362012165211581,0.754943890316114,0.686801159220389,0.598258146265945
"s215",0.4371434831133,0.274465709514293,0.400969766652993,0.709680873653739,0.659900296148684,0.50189020178536
"s215",0.43367768603112,0.285952368994144,0.384975049098405,0.835043498324342,0.695199796371137,0.422599825542453
"s215",0.429538912088025,0.286035280362324,0.35610401149978,0.777944676885209,0.690634318723203,0.626292791338088
"s215",0.414022542307487,0.21704369907447,0.371076921681733,0.776774356089932,0.689781725056934,0.592291679138484
"s215",0.424613679745593,0.26520172462934,0.427485728679065,0.804784510274659,0.683762283002537,0.478772843386757
"s215",0.474461759683693,0.277155646051438,0.36102601016251,0.809193914216692,0.707461013962234,0.556635355034119
"s343",0.518762203980532,0.56620300590089,0.48042325433134,0.469011925989425,0.693292557132016,0.529161198572692
"s343",0.513545034157729,0.553106227930347,0.464635656604929,0.471120585704543,0.686076548727908,0.536861770396575
"s343",0.519934472500218,0.566363976253177,0.419075734778538,0.467023590923835,0.714887250640816,0.399294545883556
"s343",0.531548522228271,0.550294218456371,0.561691490248732,0.489362080464962,0.701992049647574,0.447895497618259
"s343",0.575066247799109,0.634552158576143,0.361502376514418,0.424137068923403,0.684849953764387,0.395583899692828
"s343",0.52211499896534,0.547755774896388,0.410637522738348,0.495555656013669,0.699619249958561,0.47905805157162
"s343",0.485676609185363,0.59944158406611,0.51130214317286,0.449702645498226,0.698308817907425,0.52423868955135
"s343",0.532349104606211,0.539440595749507,0.394777200163764,0.378391360680377,0.72922435159391,0.397423504883095
"s352",0.369404558087209,0.496766921939595,0.550444374249117,0.267527203585741,0.622879091659421,0.367620517920865
"s352",0.341442942474322,0.418358931838558,0.454758434112611,0.346084329946685,0.580480816306508,0.387421175265372
"s352",0.381149518168496,0.463496710140856,0.446992192566324,0.274968608532083,0.613909873088353,0.471460594275542
"s352",0.366062313576186,0.470883211300557,0.40927507848773,0.314750842795147,0.599661891475522,0.465629488055173
"s352",0.394087166286082,0.471188335614753,0.460000968258997,0.251958610845783,0.590108713440973,0.450473383965688
"s352",0.395611935389296,0.4216760306756,0.477042043107829,0.308312254560425,0.604412808267008,0.53665425707748
"s352",0.404186286429196,0.44163589461955,0.475179053532948,0.277658697864475,0.581296614331837,0.476764581830241
"s352",0.408287414208129,0.471264915446931,0.448174969180748,0.309049622506845,0.596444943237419,0.507537416971616
"s421",0.392455158690195,0.583355931481373,0.396367278741351,0.340611363085291,0.475136182234759,0.660991565642027
"s421",0.398114975054219,0.573775533417921,0.445209257767543,0.268825509254617,0.459222484280192,0.55716790877752
"s421",0.419935190592123,0.535966611984059,0.427047467135849,0.390038495002956,0.471954678745588,0.562129402094409
"s421",0.381260596656097,0.590824537942922,0.523756617021262,0.318663455191747,0.463540194181698,0.521841017222084
"s421",0.392770682929982,0.529331707393232,0.505636709792916,0.394438276704052,0.449946669447108,0.477326364504806
"s421",0.371435617005282,0.517186991588366,0.509303393754673,0.312745082265985,0.464172056393376,0.579683324147344
"s421",0.385553435125038,0.557212314230171,0.529037628688833,0.342145756601333,0.436884770673773,0.541028975506197
"s421",0.37178164543879,0.565966281605222,0.47815415722578,0.344939216679306,0.499164856862155,0.646339643789431
"s450",0.565667645504437,0.420689812973603,0.47965100678867,0.615361286043456,0.393751296140913,0.473363174958568
"s450",0.519036596892245,0.403506237728176,0.484028023886796,0.518440499582352,0.38659505610691,0.308429593580318
"s450",0.526140577448612,0.484899241538079,0.591492309765649,0.546634268535457,0.424252279248288,0.39962008195641
"s450",0.500756406721814,0.415599673204569,0.557846182361813,0.488897759201216,0.435659897937331,0.389575063631595
"s450",0.53055376129452,0.448017695968036,0.536066657776775,0.486189586033784,0.398659796342039,0.317181245917707
"s450",0.529691251343286,0.482248230727178,0.524250001569779,0.554622922742268,0.451868887353912,0.296828966102355
"s450",0.530671738663167,0.487729544727792,0.489135248105315,0.544678773448785,0.452372786161556,0.339332485875325
"s450",0.535071817414945,0.489744209542976,0.592484923324045,0.496008756256026,0.421543000874545,0.307103322303027
"s356",0.589295599558381,0.656813255932788,0.60541597902099,0.464485654187947,0.815934739084695,0.662966792031954
"s356",0.639272675406459,0.660915346492862,0.648946669027337,0.468681911174327,0.852343348298484,0.603757666287302
"s356",0.640982387904196,0.617335381690581,0.577348874995818,0.470902603949589,0.829801476594082,0.622834056456779
"s356",0.643062967710889,0.710722040845428,0.601760984005266,0.449907374381305,0.851749949680409,0.603890817205038
"s356",0.604065755732717,0.61257109256743,0.59941785904533,0.495050728132398,0.802967903485646,0.671783893322717
"s356",0.66772927822876,0.655514369375659,0.699878870794212,0.567756614942037,0.877794710273033,0.588671075281511
"s356",0.62391814801841,0.674794501648626,0.566339371368303,0.393055213427404,0.876157816590354,0.617155418139063
"s356",0.64214468922984,0.630664338330479,0.650516725540675,0.389162244158717,0.851843824041066,0.604493145905533
"s301",0.447840795647601,0.559947515210062,0.681504683408195,0.623175135102956,0.740966513934155,0.280321246723201
"s301",0.397752362248276,0.542100148126474,0.645492834791588,0.573893215339737,0.700627512208975,0.326263010825292
"s301",0.39029711169549,0.55305322321376,0.470848131901994,0.627066887947903,0.706947064801985,0.371528461983878
"s301",0.411380696993446,0.551062204628991,0.643552755441415,0.683061758770848,0.734337018950033,0.289930612519689
"s301",0.393402482114983,0.590346248236482,0.582059963079248,0.713529376808541,0.698423260360376,0.412735211585086
"s301",0.444565757689845,0.525698173767879,0.499963952763937,0.678784546858051,0.718860542194098,0.347791771506231
"s301",0.427255211880799,0.503297419772939,0.585328277588092,0.631330596712839,0.723323773162468,0.204273393084386
"s301",0.401959569610351,0.567686645840638,0.513471736137126,0.634281380016478,0.727691358318714,0.368841855566056
"s236",0.588874383851728,0.413558027276196,0.4080856714661,0.371421567062952,0.52097467642657,0.406913783706139
"s236",0.568660715071334,0.443335394431576,0.393047026460861,0.475292388551813,0.506172572663694,0.439995736490979
"s236",0.561634883364305,0.464655009435221,0.443926174903255,0.488171012877566,0.503525073900356,0.455509429074766
"s236",0.535338928576559,0.468872917418268,0.420932124530324,0.48505225504773,0.513265096188409,0.412943750716379
"s236",0.581674296080262,0.47324500171727,0.439164454823618,0.452416372963911,0.543186159616264,0.378736446973686
"s236",0.557676028417319,0.464432215166649,0.459734529044612,0.413829438662556,0.508598531388448,0.41811271826448
"s236",0.565788525803965,0.487580445460698,0.409115398272775,0.460745528391044,0.535224699135325,0.515725227782126
"s236",0.578926388523336,0.467111150757944,0.450267724217172,0.434851750575359,0.542274633804463,0.470093992751927
"s370",0.545611902617682,0.527048031445078,0.353603246496944,0.610183312552794,0.633866537920343,0.566421225909807
"s370",0.500882538873237,0.539971340077516,0.328246502360414,0.540181041581909,0.623833858393343,0.61145815497019
"s370",0.483479418025719,0.559165475977049,0.336921090527327,0.629902390332895,0.650018686138306,0.528155413412239
"s370",0.519571718950645,0.56195815601858,0.22009750922729,0.544344595487644,0.646803295879795,0.527434262571339
"s370",0.517836817670698,0.522569396613945,0.280908929475402,0.58409666495888,0.644811306390017,0.494447824794557
"s370",0.504517322419054,0.595667633324114,0.343409829077452,0.622331939201068,0.628067563158826,0.524553452111846
"s370",0.513971729864889,0.493711583610268,0.295740373478153,0.59887828784762,0.647290603356372,0.490571428506912
"s370",0.495288481227174,0.518319067013604,0.328315866546605,0.629656744996362,0.647533548727347,0.459468405609975
"s416",0.332786772163353,0.637454043360343,0.427916143346128,0.52172976667922,0.608672426785466,0.632169653239759
"s416",0.351614313897794,0.625456966955147,0.386625694266936,0.512376893775317,0.59283946441432,0.672345242855313
"s416",0.318992646838463,0.672344510837057,0.464762445690154,0.490956083358235,0.614085896644458,0.662787806423375
"s416",0.338351602658338,0.69092491953581,0.425552474110314,0.485416152064907,0.641649665085207,0.522299911876329
"s416",0.307580577618347,0.615680105638196,0.46098946463161,0.536829664856539,0.60094620599297,0.559680518635868
"s416",0.334980504835541,0.676020001384786,0.497895531321013,0.502642783830586,0.612591187194759,0.606159768118433
"s416",0.335445409047841,0.658810723379012,0.467149545213307,0.487657152914444,0.599810126759952,0.584879983760722
"s416",0.331776325904742,0.697771448246989,0.339467940191562,0.432301802628082,0.608593414223568,0.526641754044759
"s276",0.440248687440415,0.59053746840603,0.608956102904157,0.57679603313921,0.668953074237474,0.626174084115312
"s276",0.411346873603876,0.584112549224179,0.579143733919818,0.624706308115561,0.699022833491716,0.664016976704455
"s276",0.389160840040463,0.661447372554491,0.570309089046645,0.696464132124319,0.711342736417995,0.678300235872687
"s276",0.40769411374095,0.626629196517248,0.52674945551706,0.634811816195563,0.65809050316114,0.60076355413288
"s276",0.424230666551626,0.622144153959233,0.598806744146684,0.614985552953073,0.691348972346151,0.631131990810829
"s276",0.392539681143246,0.623484174581955,0.536415582193412,0.626318714923028,0.711890644202756,0.672195247203286
"s276",0.429292516927675,0.58334500351517,0.486412198920194,0.728562092803313,0.668769194525472,0.58323616188019
"s276",0.412642815130239,0.616514058789851,0.447274667302531,0.686030688885769,0.679718969104882,0.615967670592744
"s424",0.420839420993354,0.569873196955579,0.593509386874354,0.514977267459068,0.368028363791774,0.446984193453069
"s424",0.453881635987512,0.636358641119733,0.579533133686176,0.512492268531118,0.399885062873225,0.457628053987509
"s424",0.398440954399122,0.600844112494793,0.551132390220524,0.487462346573199,0.385529589333018,0.379263011387218
"s424",0.430737615312382,0.567382592775235,0.577741204692305,0.495849644813758,0.341083036788069,0.531582602075123
"s424",0.372561816491432,0.597305482338329,0.55016688316666,0.514334867858998,0.36401748950091,0.436665179717743
"s424",0.384586147206983,0.562607177383894,0.561150546633906,0.517651837201294,0.345244930196332,0.329266635171653
"s424",0.392005479135523,0.603231268915844,0.578585393036797,0.55189261037003,0.351391428899219,0.45110339036587
"s424",0.44262422034619,0.577664338158344,0.583494199200626,0.536302609221304,0.364679353697283,0.404537029604038
"s419",0.538154660055561,0.558891669966808,0.34344557270817,0.26312592488316,0.644307181251548,0.610141963481294
"s419",0.525819713024271,0.563905870312753,0.302666654586164,0.351867231506763,0.649123193125419,0.634251002243636
"s419",0.548588065461946,0.585988086178967,0.37000548625997,0.306259299066239,0.608083781992904,0.560534442948979
"s419",0.526145720080942,0.544772089922219,0.341819745427002,0.400686401603031,0.641009705782425,0.588405696137138
"s419",0.536121669230157,0.594463503876437,0.406321083008961,0.32618691641997,0.650965146385397,0.487638660251155
"s419",0.548431469196484,0.533590766289501,0.385802754641884,0.278585979371112,0.619020096371358,0.616123641713139
"s419",0.548670746663753,0.592035992709361,0.386058144109687,0.347486784248902,0.604549089450204,0.535330153630816
"s419",0.510953140141878,0.612032438575315,0.487743773165803,0.352534194071204,0.639276392039256,0.53942928341059
"s305",0.400200519420344,0.485818131654724,0.439014300592985,0.630873619595282,0.650717755592205,0.287556303083725
"s305",0.361965523437876,0.528649582172967,0.418432626968286,0.66111207894496,0.653693224612604,0.336896179091597
"s305",0.367784477663035,0.497682502135467,0.400871286858006,0.635271660556477,0.653236600386009,0.378168238510622
"s305",0.370887453465543,0.475880488970016,0.507549832665933,0.611245585210395,0.646291331633239,0.420607422788988
"s305",0.368872197210382,0.470680759696092,0.373793385727513,0.601574289079079,0.629933786571139,0.375731232944566
"s305",0.388622853662287,0.479608435581862,0.340659702099222,0.56697959987228,0.648195894045294,0.344517592192487
"s305",0.351189650343786,0.441763670207517,0.535987915263823,0.537158872939871,0.61687277224537,0.412933944873097
"s305",0.404680422969505,0.504110637018971,0.522082698307774,0.666972253766548,0.641743641332105,0.339922359583368
"s402",0.356035591610323,0.501629241596833,0.440400441005317,0.473718557277623,0.584015341956559,0.1983017537028
"s402",0.354886425166753,0.484262093314953,0.475452447033191,0.393589820702325,0.581213169220441,0.246229173528362
"s402",0.376160274548191,0.478966046330105,0.383457055371424,0.488075517011015,0.555942676372178,0.18283316162091
"s402",0.363599532189899,0.470218465408178,0.458960668915567,0.49700088145865,0.561466379593119,0.173455408859483
"s402",0.371165555239657,0.439193292005637,0.472658770082847,0.400978177035334,0.577621344444192,0.0884971042904705
"s402",0.36906252807859,0.458903936863562,0.374240283446384,0.444015908257908,0.615295436350389,0.248969007261712
"s402",0.363456738316224,0.452674519024538,0.552921218760947,0.438199550938732,0.564299071380958,0.184969352666508
"s402",0.389708126996753,0.448124443683736,0.50516953854404,0.404945475368682,0.584081802010166,0.178577651520976
"s430",0.520930828933571,0.627779538612822,0.395705260488794,0.268624431735892,0.529580225729789,0.258234626920025
"s430",0.525825614980379,0.591718988120589,0.45371194415239,0.231392089999819,0.50098870351902,0.338418473362762
"s430",0.501355430884383,0.587429416713421,0.256143850206117,0.254654767154259,0.562180251131434,0.312013483610889
"s430",0.514381072529362,0.576217313874538,0.349221852885323,0.290413329072982,0.504258024751456,0.381801739356396
"s430",0.498861051403475,0.602811891361684,0.31238500463369,0.268387292648299,0.520606423738645,0.32659452879267
"s430",0.511287472084183,0.594126915894341,0.257784871379108,0.306665590066976,0.539770430570362,0.344052222677523
"s430",0.488226783205977,0.590990926654785,0.264301556140446,0.17345606421559,0.505460217205479,0.324190328862792
"s430",0.495509270049216,0.59717860551778,0.387372072659357,0.283556879772365,0.529734649561035,0.342927364604673
"s448",0.526369121303506,0.552755298962247,0.497496547370183,0.470739245370503,0.478491990804609,0.522892286771104
"s448",0.556230248575963,0.528331710528374,0.476125944981563,0.409197125643859,0.478876101104137,0.600829315135552
"s448",0.503867122459895,0.574823586784591,0.563459536405116,0.463438952841449,0.460478469638521,0.495452314058691
"s448",0.548506454187368,0.592194149489073,0.510960434189268,0.459183248263436,0.488586031380615,0.498795704784097
"s448",0.530023684626892,0.581029236690746,0.511047402191148,0.489568130409365,0.478027722611009,0.6205410568584
"s448",0.523007165427017,0.550921981398348,0.548986475997796,0.33003821035725,0.466376719520644,0.505372996571209
"s448",0.515626926710713,0.524230401023571,0.439555939928695,0.452191639978989,0.442095376171108,0.565521729478881
"s448",0.535870890788774,0.570359739746764,0.511852436062903,0.401373939032581,0.461079951113681,0.541686360015627
"s407",0.632448152570491,0.522789781784775,0.361752091542262,0.45526434383772,0.467959377646759,0.581569215529794
"s407",0.615454187933149,0.396997106315804,0.388074887184419,0.491864093108223,0.478969385352643,0.373697063933898
"s407",0.62567330402132,0.379436484344305,0.375743137781427,0.497823920388747,0.508012515465772,0.4759654766358
"s407",0.59791768576624,0.369485289848853,0.424943080052289,0.421287326771323,0.506857341056083,0.496872752721861
"s407",0.595067572653712,0.461986015785747,0.390865854681268,0.426651595990306,0.495405247394778,0.502572470023236
"s407",0.570959100221815,0.428353435019851,0.383228208075818,0.402811992475522,0.511348383319003,0.436018212531323
"s407",0.606928427570852,0.462486206216044,0.417364566897344,0.436612579901206,0.512140635324801,0.534968681070594
"s407",0.601152613761016,0.490143355875456,0.356457038684392,0.381717307294082,0.47438856357729,0.401169949571068
"s251",0.252437944611593,0.456080516500743,0.565766928892069,0.334683573584081,0.613788597596389,0.529009770972241
"s251",0.272436409282079,0.450817311358688,0.527119368660593,0.438311745994093,0.629049267366408,0.555541700570362
"s251",0.319380030579818,0.465804787652265,0.431917684947349,0.322588819319626,0.619093816233844,0.499256573042012
"s251",0.285799819078648,0.448464198017678,0.553112294085688,0.373151053152827,0.626425329007616,0.502094358268951
"s251",0.279727577137772,0.466735814805634,0.460198842815363,0.417362967377167,0.642236906911809,0.612461551199668
"s251",0.225510468275819,0.457211265720731,0.537684896493068,0.390633338191452,0.667515196952076,0.596554241585937
"s251",0.263259960618806,0.451918901670315,0.423931234367582,0.462794017106189,0.620300513892963,0.551130606478475
"s251",0.231392937179512,0.442501488435576,0.521588771900258,0.365648690038149,0.644014925584876,0.574522229631425
"s287",0.424932271585069,0.367239053591016,0.682913612639499,0.589239749959085,0.440050699445667,0.440266720587254
"s287",0.472025611361492,0.333962482122797,0.63222671338338,0.603089139595396,0.478682665991536,0.466807152302945
"s287",0.458421120285416,0.331849610943587,0.678688598654848,0.56787199746344,0.471466511551637,0.525564424981455
"s287",0.511697797390436,0.308078975986959,0.67516448609856,0.542731800873354,0.470792507790207,0.474882537455853
"s287",0.490864117516765,0.353645697871483,0.65638187004709,0.632708398266631,0.442642242121778,0.395931192772538
"s287",0.430948892775313,0.363011494271401,0.596925528033961,0.592424327265517,0.45786487493276,0.464597220483851
"s287",0.451450734883967,0.345564213392168,0.658173299725583,0.540882471384609,0.44712465987235,0.462212109525556
"s287",0.476045364138456,0.329978710139977,0.684487394863779,0.646327343410508,0.457406682506244,0.448862404204382
"s237",0.528071301799544,0.405702488296198,0.281539791870109,0.479542070048507,0.695887807948689,0.4520717890411
"s237",0.529676454417712,0.329779558222322,0.317118774001491,0.415663169041989,0.732633729499771,0.533104248143364
"s237",0.509896631314837,0.365548900128525,0.297025227417071,0.484974278840534,0.690325045618916,0.451800261435009
"s237",0.510272067294378,0.31958866860421,0.272266014175675,0.512498102099791,0.691704752093238,0.505908739338743
"s237",0.539287880617292,0.365957902131151,0.362433411391069,0.533910962588764,0.729873008235668,0.582752601115265
"s237",0.514132765141059,0.352593940999705,0.30353041735285,0.497263035607407,0.740452270750336,0.479382116447846
"s237",0.479423689688967,0.411804463958719,0.31814277706348,0.492082323219552,0.678818089756402,0.501251845653166
"s237",0.564727331547964,0.337937251684427,0.297965883076517,0.510036259228464,0.709165877000651,0.482636853642669
"s213",0.273683566404558,0.434126303435892,0.392343519488697,0.593018662880499,0.615576364553471,0.484366827854744
"s213",0.263050221284581,0.353931446294861,0.396341450539917,0.624075558661396,0.61203416003459,0.40852148806471
"s213",0.264066271348045,0.415756159831231,0.322413763606274,0.614321158395135,0.639433216845509,0.346929359721898
"s213",0.311942165354283,0.394387188121636,0.427493683840468,0.544106248360415,0.614601721255833,0.358471050009048
"s213",0.286530509387335,0.315632970099951,0.403054567357399,0.58063209059799,0.595819024565208,0.397245931123394
"s213",0.283338027522721,0.47617458760016,0.208001944780133,0.617810184697356,0.614035155528175,0.423090365401189
"s213",0.293652779751969,0.389127303891502,0.371206246378988,0.618150491899442,0.586111868118634,0.386935920333926
"s213",0.276149648667184,0.396752717981178,0.404785344548805,0.576831952717797,0.610926294180827,0.299307618778422
"s252",0.53612871985833,0.37040652177552,0.401235255671693,0.7199351152875,0.568037785790868,0.486272657761603
"s252",0.54274458651906,0.316826642234582,0.473849653560028,0.733410495734979,0.570621144654771,0.448916626479835
"s252",0.52972612444145,0.322968439991577,0.497814402180999,0.69439567557357,0.516953643891221,0.437232280688841
"s252",0.529535275792642,0.332894640159274,0.413486661105876,0.79670514991509,0.568849322251596,0.421118405906578
"s252",0.488841936814143,0.322913440145572,0.339157994997529,0.639528956413024,0.596553975927489,0.326060902652278
"s252",0.513449425624566,0.37385232129124,0.439735330892884,0.700022340854991,0.595975825095938,0.375021223769702
"s252",0.541767377790629,0.336823307047847,0.347897832868421,0.765755785583299,0.582787328782304,0.395301136662047
"s252",0.521193839526209,0.311695032927714,0.467407392622683,0.765865160355654,0.575191571990264,0.270616150034204
"s368",0.590396727395554,0.381698490840865,0.394052639626314,0.637968056269345,0.459453027564097,0.153774833353953
"s368",0.568283339821311,0.412266259963435,0.482827054240945,0.664385239645051,0.478620792882674,0.25662222154779
"s368",0.546023961387158,0.402780278648868,0.412998435847603,0.583742388462051,0.454779554170869,0.238040949142202
"s368",0.548267969596372,0.395811756578146,0.339992627593279,0.680108999869258,0.439205275200928,0.118905461488359
"s368",0.561011190664461,0.442104818389125,0.429976491468864,0.674811651341096,0.455451307197595,0.304950382469689
"s368",0.602319031247186,0.40327765103024,0.38736299573578,0.684092923000756,0.480559900548251,0.153751905120223
"s368",0.553713600562725,0.390939564603088,0.377166131879805,0.623633684986993,0.4816793205716,0.23271451508925
"s368",0.555081945386623,0.422872359578245,0.369610512228189,0.67448455722221,0.476403853415856,0.274188963484579
"s442",0.634764399230717,0.475307413366966,0.40577948252985,0.562969348459738,0.503630424292048,0.332727815311039
"s442",0.584709801589605,0.481249350788615,0.438312674851208,0.669070887128393,0.500667894423119,0.395289626472371
"s442",0.586531685532114,0.479878791518582,0.439903199348,0.502609938692051,0.470858768004043,0.372246311851335
"s442",0.619369124089863,0.506514983448965,0.478597605825215,0.561876085618163,0.481247500174692,0.435785783224784
"s442",0.599516295818175,0.501786455627426,0.461073876290186,0.55506044005968,0.456767842185774,0.426250664053677
"s442",0.617255700689674,0.505855357421709,0.455534928350188,0.56153871355893,0.46144893896481,0.307634001244344
"s442",0.627867950321965,0.487945961653206,0.53778581422672,0.550101026617774,0.496641231737792,0.371029513747427
"s442",0.588554777335561,0.484160966562175,0.496014227719389,0.637891778112371,0.451441800080643,0.273447475369191
"s222",0.353842376844431,0.459086725537539,0.441695863681538,0.474039365109964,0.547480169143133,0.391248700710242
"s222",0.341221794310803,0.465866788813307,0.400124521615965,0.42924778930412,0.562714029530853,0.433080474760951
"s222",0.336881891156485,0.523127216076456,0.379297483680067,0.418349759202331,0.566844215527962,0.394550741458262
"s222",0.35282779841689,0.436062209362482,0.462557058555993,0.409968796579528,0.514755923140371,0.356980312747478
"s222",0.370789711399323,0.497857314414743,0.416959220470481,0.470730999804998,0.558647954671376,0.494358800396072
"s222",0.351307944760952,0.45223032516469,0.331176088199359,0.483444312923423,0.534980381797135,0.44680592900334
"s222",0.309144374872562,0.514192736800042,0.377141491269633,0.49915224839957,0.533538249906651,0.433408118585374
"s222",0.331072858216411,0.546897723656501,0.303427866559224,0.437937477004592,0.566503864582803,0.40956603166862
"s406",0.550334838559267,0.535175509340827,0.467442473492803,0.18238154526189,0.616986599993666,0.430578345280408
"s406",0.544890425134609,0.550879338447524,0.603844037655181,0.198975582492163,0.548138874186739,0.365847479261142
"s406",0.556658200789328,0.487456634841491,0.594297613784378,0.157099553846455,0.574830916511691,0.569358846164596
"s406",0.534698313845704,0.523155563431236,0.524597534828334,0.187602395513635,0.572344955133695,0.40255589619711
"s406",0.544144171245439,0.497391397218541,0.542003339590006,0.152071841180161,0.58215182399651,0.469077750251371
"s406",0.556011271786555,0.492016043533803,0.518318513433663,0.192845041306762,0.568816104459254,0.385909521496223
"s406",0.535824436359809,0.540797679619937,0.474088152581659,0.160035658468565,0.606709568963535,0.431415007150145
"s406",0.547303449850006,0.43877711699153,0.532709224606537,0.224978337591601,0.597884584299149,0.325602520871145
"s293",0.394256935836059,0.315405573172754,0.509840907123859,0.320050427128878,0.609035101003296,0.572826756294741
"s293",0.422890108108846,0.329553315705595,0.530190072935349,0.277767640150387,0.639554065080125,0.577004669829535
"s293",0.417154034145891,0.30556332377142,0.474105633067983,0.374767752400238,0.657900367570484,0.530538792870651
"s293",0.382519413072225,0.323473432735384,0.555331573188502,0.319770432804823,0.643679496915289,0.580457994906033
"s293",0.394889296562284,0.336169090897169,0.407058848361662,0.416883293433475,0.644792993800344,0.567906494935532
"s293",0.417490368910252,0.305555884711315,0.537947607292395,0.327258466414239,0.604187148623126,0.619246989206348
"s293",0.416817940258789,0.351835371328476,0.440370591673141,0.350263160488408,0.60560904992326,0.516058471737259
"s293",0.412601205574094,0.365794791302066,0.497569698027439,0.348217026344802,0.628911307200559,0.504603809045246
"s348",0.56838755778195,0.520102078939441,0.431137702468122,0.873486074048488,0.467470686849699,0.390511187885471
"s348",0.56376908709909,0.534699790199193,0.371188529342889,0.872483111901739,0.452339841060885,0.409886272855511
"s348",0.592022953463527,0.522757240677932,0.42965683164152,0.799174795121652,0.46190729613374,0.359083718198021
"s348",0.594078364485315,0.526250729256491,0.364018132873848,0.860632725379235,0.466461495041865,0.406035910072074
"s348",0.590126880611451,0.503059336477421,0.343121228147854,0.859729225425485,0.465100131456198,0.382534106570981
"s348",0.586169262513001,0.443103049254569,0.369472313770129,0.781823333059526,0.525420422813289,0.518279301893813
"s348",0.598386168081538,0.532096177005462,0.434188058336441,0.735677132578045,0.495192775782434,0.403021169932466
"s348",0.606712036794584,0.512899415140187,0.291115817097487,0.789368579826278,0.448298552490077,0.327601151507499
"s260",0.475907886787611,0.332821766944821,0.420962286545507,0.688530216531175,0.521314783610983,0.429169604803815
"s260",0.474581097199369,0.311830348100945,0.550778108446452,0.642616579159145,0.486674108255623,0.362369826081625
"s260",0.440864451064922,0.326756480171351,0.466373992774613,0.635555595724241,0.537391374360522,0.349964655674734
"s260",0.452100879009258,0.307419799446301,0.434145110655314,0.667244153413779,0.530213842408809,0.307579780362265
"s260",0.439315090143545,0.346423543658571,0.406263659513448,0.669941747466684,0.532622299680098,0.373819134783302
"s260",0.458147313524679,0.362085243689825,0.470745775617338,0.63599670668054,0.498094371651812,0.355195499935786
"s260",0.464007678176006,0.321504961629397,0.412854187572816,0.583713448371232,0.537313132612929,0.340828063156877
"s260",0.430897731500938,0.319254383034422,0.413305446650666,0.607285569795463,0.466961055588617,0.318988856096272
"s208",0.473690398751492,0.623245097827971,0.368353272523879,0.490905871583196,0.63334811849152,0.602545464707093
"s208",0.428304771097008,0.661210064119094,0.342836890254203,0.5447978514381,0.659511330441014,0.477872463694228
"s208",0.480682602620966,0.68659641100203,0.358346115064243,0.563149608867327,0.585841499561157,0.490361327702884
"s208",0.444309923460687,0.699582346113782,0.502040672482539,0.482708863192945,0.634539186666828,0.463568602400363
"s208",0.458578378222912,0.650875168800199,0.42735186489598,0.503841841548306,0.636211670950139,0.586404192465462
"s208",0.417952605077925,0.675930224990216,0.295581848996074,0.536966430480374,0.626247851094253,0.525963341533027
"s208",0.466418417822772,0.686689159676043,0.440408665812315,0.639875801160998,0.627163980030906,0.547175794928568
"s208",0.43739229933374,0.660351815187165,0.390034740057339,0.480157379493792,0.639274908121175,0.493241043277612
"s656",0.759067454025777,0.673853387907612,0.654031787457425,0.541184428053324,0.711795015536637,0.389677431431997
"s656",0.732247931707114,0.634324464248264,0.609743054597316,0.504464239443355,0.698307464233401,0.40521245152209
"s656",0.738676755765667,0.62982661506451,0.642414191541547,0.525219559477004,0.643403855598497,0.338145861549323
"s656",0.73229647140529,0.651799044956069,0.703788615895457,0.522859054814082,0.663165535844711,0.409261755149833
"s656",0.758143170638072,0.69542243253569,0.646756881134809,0.544820170988972,0.706637005544689,0.323997949584649
"s656",0.718623398064976,0.653149118699202,0.667629159585751,0.52935938912929,0.628019724393943,0.394665187566661
"s656",0.737665834657891,0.752596714055853,0.69568278859679,0.447739169675965,0.726292798490516,0.46556250697995
"s656",0.732788899882515,0.688271004219186,0.645483280396495,0.597920467406256,0.718925789304306,0.350523435114739
"s588",0.795554547595056,0.645109424129803,0.512926510901711,0.439576711730695,0.63764226790725,0.627226616353867
"s588",0.780224855840868,0.669093652114717,0.590285076179893,0.531123016567314,0.660786566672851,0.621274977238511
"s588",0.758506444298445,0.687606714007617,0.493216421253196,0.488812466575901,0.671020178198467,0.686953016120638
"s588",0.756930708987173,0.665452403612558,0.515817103462276,0.424925364009499,0.672280243458465,0.674356056095957
"s588",0.747099846142085,0.703808012026184,0.474074747226795,0.473371726123944,0.69168215842764,0.652280427250622
"s588",0.728367690911341,0.7175920811551,0.590031661006483,0.486966905255975,0.680694592867299,0.717230355178014
"s588",0.773177941428153,0.703302361713427,0.504745484454086,0.519491931780416,0.686711265249269,0.739878032094814
"s588",0.729743055952863,0.720006757494995,0.533762674040931,0.550648011630129,0.678342340973215,0.70180769238257
"s637",0.769535977059539,0.902642025966032,0.515300320800735,0.474913536063594,0.610523080476415,0.577646072523139
"s637",0.726090928230725,0.878985756162904,0.621153673243254,0.433178347800123,0.598778467773421,0.422110287774737
"s637",0.800579107536448,0.963524089498139,0.578249585326603,0.388603808324629,0.595782423428243,0.553187802416474
"s637",0.752692652458869,0.875166052805879,0.556766948283857,0.393605825828446,0.611039481692816,0.502651110557858
"s637",0.737675666888679,0.944718730299942,0.502410337831034,0.406157095631443,0.596023756572178,0.548910264286623
"s637",0.768359064412142,0.909059100529084,0.621165055634034,0.435148364470697,0.595665689291025,0.466925758214115
"s637",0.736333555170603,0.971325099210199,0.611322609450387,0.447042586803223,0.58187961597849,0.469769642806463
"s637",0.792687641096936,0.902218142499426,0.495299687215685,0.364985508684729,0.571505175949239,0.51940468548294
"s469",0.616482862355613,0.664275473976705,0.544580851543919,0.471312026264918,0.445057416365546,0.31585746966702
"s469",0.604145629436131,0.624267911991729,0.46344300447997,0.440310337619234,0.382598568004337,0.323640734064091
"s469",0.633565041727994,0.668346042596438,0.46077749459233,0.390705108797394,0.407331817460196,0.409940409427771
"s469",0.609368973041485,0.629837846931069,0.595260501902951,0.464802371236039,0.403417134310045,0.38040620110711
"s469",0.618029095603861,0.647185534040632,0.590631902315743,0.375518328076127,0.386882154023249,0.369848863327542
"s469",0.633724905377215,0.686960424712777,0.570517371376663,0.43214620427108,0.42184687716171,0.379286158471999
"s469",0.655775240609549,0.615394488380224,0.495405813170061,0.497475793937966,0.385431423686906,0.394836347885135
"s469",0.609546842118909,0.692922595599601,0.555335184054415,0.417907265776674,0.415999897984922,0.446748171214282
"s527",0.739307198314277,0.625793766610576,0.55642916938891,0.558309378663887,0.441236176107126,0.458436339713123
"s527",0.755038486293333,0.568224459384339,0.61188332113402,0.62620289859981,0.415942850804856,0.551614266780697
"s527",0.742189072936364,0.648141774512571,0.520848432651736,0.566365774203259,0.453138213713841,0.567870159134884
"s527",0.745811679504196,0.58591759752403,0.558524409553178,0.532475807493878,0.438391137775946,0.450070041128817
"s527",0.70237442035891,0.619899200421841,0.595675007183483,0.627656716583628,0.408269681589978,0.640177482364394
"s527",0.720988773814336,0.616948099230683,0.505561698079692,0.588029766711822,0.40452736657567,0.597075030208066
"s527",0.729393730405635,0.673552591334596,0.56788276576953,0.501795776705689,0.423483604043053,0.503900315272152
"s527",0.709509532530075,0.632920049931015,0.579892142077622,0.580365762085523,0.45397874680947,0.62668589219501
"s626",0.627727045365355,0.496622231115065,0.704280330100315,0.500364319003978,0.412139786230932,0.50701769758497
"s626",0.616524878794725,0.453351488260763,0.664992908606616,0.317309116492201,0.379719597822862,0.561222084298571
"s626",0.656891599605132,0.466078244980346,0.727630777301321,0.399373639003535,0.398225161937879,0.469781869104187
"s626",0.618356932644955,0.482593869767096,0.842910177231028,0.507938810740892,0.39118273868633,0.597950177290909
"s626",0.631597110779632,0.545404634178194,0.685673149078089,0.418555867685999,0.379828031007356,0.604213738041624
"s626",0.627691429469618,0.498836300199684,0.650940350153409,0.462676553983999,0.370720758525103,0.706327603676468
"s626",0.643637825757867,0.522239972891792,0.769306415275884,0.335561490261448,0.410069451944553,0.601807723082277
"s626",0.622756394044647,0.538475531013588,0.721619301627108,0.423515510155043,0.371500413163336,0.542166888430434
"s467",0.628483606822097,0.790250809976443,0.341490094386926,0.44214188737495,0.60718767715175,0.482108601897772
"s467",0.658195592794317,0.728965190018826,0.394620892064988,0.529666491290524,0.575315027320924,0.526235742024259
"s467",0.615194148005474,0.76130578579845,0.504048636891074,0.564869390232895,0.580730192946406,0.543655406329377
"s467",0.649447134601333,0.781466961650848,0.333928994238401,0.539739244634709,0.610795848478156,0.539395964258892
"s467",0.665356440156624,0.805151516217275,0.529278238626841,0.503376995674322,0.583179254687466,0.529177737946041
"s467",0.639643607388621,0.781000898215366,0.399279514162836,0.443311164538754,0.56091180054638,0.414415016342173
"s467",0.65451805800773,0.809039866958963,0.454535512120201,0.503819496234686,0.562369161018868,0.570327369920916
"s467",0.657285778971556,0.773900408110213,0.427116146689021,0.495312442207828,0.543210979078878,0.487920622364128
"s663",0.617309428774683,0.639782660074672,0.441006391345399,0.606040786089819,0.56418546537625,0.440494900406465
"s663",0.631143234814828,0.609172241712771,0.444235125914914,0.515898595642035,0.573637469568601,0.444681409161968
"s663",0.587235484705085,0.667412859074945,0.441971701252283,0.623176241245237,0.61499714074247,0.363573184586416
"s663",0.58421250323869,0.63794998855568,0.452208033510854,0.595120066650208,0.605348934748489,0.440407926976902
"s663",0.626007110124703,0.641476267922744,0.437810544402787,0.634643726855605,0.586019349629484,0.476723059067603
"s663",0.606260800547005,0.634595568923286,0.406128512555495,0.589556106379773,0.572907641657213,0.457502989909558
"s663",0.616936420711608,0.667643799052378,0.539934827104849,0.639438515136036,0.610192803721604,0.435737108976952
"s663",0.618217852946602,0.648447124175094,0.486851452025562,0.529351788613011,0.576648023635683,0.444559252617843
"s601",0.713226201659596,0.715767103473442,0.300731088691822,0.470166824270821,0.480380271285885,0.651602473391361
"s601",0.700957012385056,0.750143407977109,0.318833906678476,0.467937125824347,0.442487781294884,0.574457823063752
"s601",0.679989395869874,0.660153546843656,0.331275036129434,0.477342978679611,0.468840675461234,0.602599917020921
"s601",0.701815698765547,0.701611669219639,0.389300110187402,0.424329513549864,0.529404877562311,0.594033170956563
"s601",0.721014745645405,0.674266232400479,0.226829678419307,0.453408496231178,0.488057523963734,0.619058842489792
"s601",0.701131272526746,0.710491266504095,0.345969964670642,0.503441716413083,0.497326466599321,0.532505373952161
"s601",0.669966345212564,0.744851093434006,0.316771725377336,0.497278535308588,0.515037294620269,0.554543308886653
"s601",0.655370848298439,0.770418225074485,0.362736610603164,0.479276051108818,0.496710064809235,0.459772320067594
"s470",0.590387686124574,0.772114302555004,0.46088737912216,0.496392134098128,0.685356078297945,0.580401629284123
"s470",0.569487153981072,0.778840890527816,0.515741056268569,0.457016394610052,0.698453642805354,0.511556469768522
"s470",0.59329023807239,0.778353145967336,0.596522953160298,0.478930729883955,0.674325212337533,0.571096694606444
"s470",0.554877695994626,0.821267349701351,0.542794360531681,0.508209753542693,0.708383990026049,0.443180501617931
"s470",0.573967417734357,0.809889372940414,0.555065731264003,0.482368615044496,0.67246665795284,0.539331279818995
"s470",0.54472104181703,0.827008240277632,0.612751805017374,0.451878489357317,0.71070442219692,0.536788155282814
"s470",0.562151692298453,0.837167109125489,0.528282882116854,0.487112634022247,0.660425000193367,0.547782871111304
"s470",0.551003914900177,0.79388160510907,0.566386104183087,0.547709140950438,0.689300015155759,0.465310167478323
